Year,Water,MOb,MOps,RECRbroad,SEsb,MObroad,Grass,RECRpb,SEbroad,Abandoned,MOp,MOs,INVb,MetsoT,MOmix,INVp,SEpsb,INDIFp,INDIFpsb,INDIFbroad,INVpb,INDIFs,INDIFpb,MOpb,INDIFb,RECRps,INVps,INDIFps,MOpsb,Wet,INVsb,RECRpsb,INDIFsb,INVpsb,INDIFmix,Open,SEb,Urban,MOsb,SEp,INVs,SEs,SEpb,RECRb,UForest,INVbroad,RECRsb,RECRp,Agr,INVmix,RECRmix,PA,RECRs,SEps,Metso,SEmix
2003,0.0,-3.049445895180563E-14,-7.646854395355066E-14,0.0,-7.41082571207339E-14,-7.002103881993921E-14,0.0,0.0,-3.501573913290629E-14,0.0,-2.5815201314665562E-14,-7.011556706640642E-14,-1.529575755852065E-14,0.0,-7.510413742402051E-14,-1.3965613609834021E-14,-1.3277349540624643E-13,-2.8282947961736655E-14,-1.8827408922841186E-13,-4.619328994762514E-14,-7.609682461248715E-14,-7.920017766291895E-14,-6.355771091469916E-14,-5.1452545995747447E-14,-4.960824534515656E-14,0.0,-5.131728496669048E-14,-7.698073033783347E-14,-1.5187217335349758E-13,0.0,-4.654447043157644E-14,0.0,-9.12540194857544E-14,-1.1540399940106192E-13,-1.1355631996600951E-13,0.0,-2.3538088549627565E-14,0.0,-5.4789748008104985E-14,-2.1984278491594515E-14,-3.810437677432687E-14,-5.662682681494424E-14,-3.978507156122147E-14,0.0,0.0,-4.096273238628093E-14,0.0,0.0,0.0,-8.261259914505978E-14,0.0,0.0,0.0,-8.524097479267917E-14,0.0,-8.848072077511711E-14
2004,0.0,0.0237137865956983,0.07305989843525634,0.0,0.07620647651890476,0.06933199754564418,0.0,0.0,0.03151435388964648,0.0,0.01741079279919322,0.06718142530224322,0.016060283675314736,0.0,0.0755041727719569,0.01444827025883234,0.14279205527645986,0.021538684846844576,0.20879938005658358,0.04005864164491989,0.08580069905078308,0.08148590806202938,0.053082972439500116,0.047225789073232195,0.04661529512417449,0.0,0.05672733022217361,0.07849728517425912,0.16300488653428571,0.0,0.03539539276832014,0.0,0.0967996198886981,0.13065010717122913,0.11946528526921303,0.0,0.01753544834023906,0.0,0.05149470630891374,0.01633684394246327,0.04086188481102522,0.05678629525841787,0.03589039504669691,0.0,0.0,0.04502053626618895,0.0,0.0,0.0,0.09313528242669258,0.0,0.0,0.0,0.08866012576495196,0.0,0.09426596189033233
2005,0.0,0.016648207564609267,0.04603001105270271,1.995670720060941E-4,0.048628672635748826,0.05063419366327469,0.0,0.31304433855289104,0.025381427038733247,0.0,0.010908968454025643,0.03977181415109218,0.010032038442425725,0.0,0.055145491999970944,0.007238217397121788,0.09206885419791018,0.015876110890061162,0.16450918952330074,0.025799260170063072,0.046597802205990156,0.05592540776508447,0.03875993464166484,0.030437005573427878,0.03648346625129328,0.0,0.027241696421105892,0.057134479061691834,0.10769858899224462,0.0,0.01520195310708799,1.9215355156413012E-4,0.0733354100020477,0.06986195402874601,0.07978847490827931,0.0,0.012272178159480047,0.0,0.03175664298390309,0.010287478095203374,0.016219415735173225,0.034850608029511655,0.022777278706571567,0.0,0.0,0.01950737039737233,0.0,0.0,0.0,0.0449358764555423,0.0,0.0,0.0,0.05705786735740163,0.0,0.0753962018545271
2006,0.0,0.018402019508644098,0.03647846598509351,0.01485474583048915,0.04391279256877002,0.05868488119480096,0.0,0.3751907757414398,0.033690862818459545,0.0,0.00961133271174721,0.029557407551086896,0.008666730048592749,1.316762832644932E-6,0.06380525562824914,0.0024878526355100175,0.08276395519469018,0.018490878037978244,0.19255802951249357,0.024041488866846355,0.022770645655411464,0.05815079908617686,0.045964068311968656,0.02854674832949209,0.04698679125865157,0.0,0.005997296932835119,0.06310686381799085,0.09943495689921407,0.0,-0.0012551610642189716,1.0283485769006876E-4,0.08939525457545354,0.03373852066235553,0.07882747291010998,0.0,0.013499889443986895,0.0,0.026384726431427957,0.00920801312642282,-0.005301549377589494,0.02475918398463599,0.020496863480413633,6.832895382755832E-5,0.0,-0.0010468617196960522,0.0,0.0,0.0,0.010541622374855045,0.0,0.0,0.0,0.05182771326475052,0.0,0.09859867535561985
2007,0.0,0.04118382975204893,0.13384344204089654,0.03797295658046644,0.13453264701896944,0.12289973359656026,0.0,0.766464872043901,0.06007039495046938,0.0,0.02895176878223198,0.11756962908967625,0.028853368767800508,1.5440727787758284,0.13636948341889643,0.024961300646195263,0.25678032930605743,0.03844239920530584,0.393767065262724,0.06912535808678816,0.15832823562359086,0.14415242307221293,0.09787087302184594,0.08294462760715544,0.08439705308721,0.0,0.09995199584523734,0.14350321968828236,0.2989363558447109,0.0,0.06306329176404263,-9.533291138731723E-4,0.1549595083997463,0.23528481475159027,0.2134819380027888,0.0,0.030104284344281997,0.0,0.08849810723143103,0.027623406564402847,0.06819091462849373,0.10401737292872877,0.062163806835801375,-0.0011944983123356946,0.0,0.07604636021219699,0.0,0.0,0.0,0.1647307813855338,0.0,0.0,0.0,0.15436852856517966,0.0,0.1728584312321051
2008,0.0,0.04618556751664328,0.13630484195638964,0.04104081235799649,0.1397964665020177,0.14077212920213097,0.0,0.8723376028955193,0.07220720871650228,0.0,0.030446552743771952,0.11760669890604285,0.029785692316943654,1.328731137602979,0.1541447933028309,0.0227332215655088,0.2675607103524519,0.043929485856614006,0.4461870888433694,0.07281147521815866,0.14775816688731522,0.15840874035882554,0.11038272280745415,0.08754330030227912,0.10018761969988013,0.0,0.08805210665630955,0.1586652806610669,0.3128563717702727,0.0,0.05254562209643573,-4.231344320569853E-4,0.17783867348082302,0.21985898734463563,0.22838388183572322,0.0,0.0338910798232912,0.0,0.09221254160239438,0.029067386389339336,0.0542497123534656,0.10289607823289905,0.06477497018253392,-8.543357364627907E-4,0.0,0.06747689213079863,0.0,0.0,0.0,0.14581706989331314,0.0,0.0,0.0,0.16099568580315676,4.817160814338921,0.2057215416781215
2009,0.0,0.03888409989022668,0.07818538473285318,0.03061175695015385,0.09214817392662111,0.1257778944547071,0.0,0.795582224116787,0.07483357952429817,0.0,0.019724287066056306,0.06256691020752318,0.018566047745100893,1.2149682314868024,0.135963413813274,0.005614502661162255,0.17619884917300338,0.039178151958791256,0.39727694707618466,0.04986291735469143,0.05083814260711144,0.1232535758243939,0.09903384151954585,0.06001121885427379,0.10058191298034459,0.0,0.014001647481412449,0.1345723427022626,0.21143462658657727,0.0,-0.0019489577486024345,-4.053248301711898E-4,0.16507589384462004,0.0737424219217134,0.1675418866682814,0.0,0.02848228826242044,0.0,0.05700019429967466,0.01915505846948444,-0.011064107124514963,0.05194270644534072,0.04258672427016871,-7.110921756439491E-4,0.0,-0.001106653364988025,0.0,0.0,0.0,0.023363058136984007,0.0,0.0,0.0,0.10853366440795598,4.097025601541891,0.2092322963530832
2010,0.0,0.07116234287878791,0.2200160346790202,0.06299217599366706,0.2194346123944198,0.2128857726424596,0.0,1.3079140496053205,0.10525370671787015,0.0,0.04811367856862653,0.19274732894325372,0.048523994751945104,0.618985763386353,0.2352507168506642,0.038556843998768305,0.42509109003237483,0.067445718035222,0.6622698928282993,0.11132942320123156,0.25539653387949257,0.243577613508203,0.16967201971390938,0.13804478930536354,0.1517478974136742,0.0,0.15638320804657316,0.2444923046287446,0.49403464163457755,0.0,0.0943664305065123,-9.730272845394658E-4,0.24697464566322752,0.3766671554568969,0.3577187123353878,0.0,0.05205012453002206,0.0,0.1502173867216046,0.04601210304111834,0.09760440825258529,0.16802260232652722,0.10320388532893918,-0.00183627097508959,0.0,0.12120514440254321,0.0,0.0013280933652970502,0.0,0.2564038515275812,0.0,0.0,0.0,0.252654382254541,3.6452649116834763,0.30421319741996544
2011,0.0,0.08500905437429589,0.26537943552850635,0.07489157174850612,0.2617446071187103,0.2503234666326153,0.0,1.5330294815884136,0.12242703561265296,0.0,0.05821287733667529,0.23405108256511784,0.05959981848076037,0.8761915458324729,0.2784146643723355,0.047674796650726194,0.5115551325318628,0.07998424075712615,0.7831792634947435,0.13280300967782036,0.31836828355793095,0.2934630004798903,0.2039310174270602,0.1660718145501728,0.17967446567875922,0.0,0.19170687653932253,0.28844957277960737,0.5938305012130259,0.0,0.11674061857081797,-9.955997758683871E-4,0.289333605326614,0.46209940241283526,0.4277807884219384,0.0,0.06197430007332065,0.0,0.17987739230720542,0.05558227205093224,0.12291905089685748,0.20570517969450275,0.12322858056544653,-0.0019390224599089465,0.0,0.14976206510282988,0.0,0.0016715208401985296,0.0,0.31738117843731395,0.0,0.0,0.0,0.30473878698559076,2.7402916220716445,0.3565487990808304
2012,0.0,0.09538958578191188,0.2959731650493367,0.08344392880031282,0.3020024947144169,0.27907848469522023,0.0,1.7087255350233543,0.137106249050504,0.0,0.06539295557191376,0.2603671816858988,0.06650512409866928,0.6466621929654823,0.3124581803785181,0.05304760183829227,0.5717829593429631,0.08985316720762636,0.8765312022374347,0.15695536795475534,0.3507526933938759,0.32925038202434403,0.2273876325814405,0.1852946765934348,0.20091472641655073,0.0,0.21216219800418962,0.32112480185444064,0.6634584699745358,0.0,0.12785549993136278,-9.181042856225472E-4,0.3228454150962391,0.5129473941712792,0.47813112513180744,0.0,0.06970258805548252,0.0,0.20140122822184994,0.062346544901661,0.1348957885704988,0.22746102768964008,0.13925357909964192,-7.966238694369909E-4,0.0,0.16406450449544696,0.0,0.0029326507764605124,0.0,0.3509061326197205,0.0,0.0,0.0,0.34001126673297327,1.9736279109679473,0.40123117374718686
2013,0.0,0.11717048343542003,0.3854454444087607,0.10406241207617786,0.3976866991963676,0.3425550973759642,0.0,2.045889596375105,0.15972977294815127,0.0,0.08394414790829266,0.3387605122168005,0.0869933674361731,0.43936171573908167,0.37962478667777383,0.07234623731427278,0.7287302661618946,0.10938750542172569,1.062371646415624,0.19800042273706844,0.46725242148770774,0.4100706342346627,0.2747951493584445,0.23349614620423242,0.23839361235901949,0.0,0.2952167627651974,0.39795632732734953,0.8408564734065492,0.0,0.17961472884056062,-7.593281417667268E-4,0.3855532925984793,0.6903869131573341,0.5987539572604023,0.0,0.0859731405794213,0.0,0.25993241351064045,0.07972866104445159,0.19565049743193505,0.2959083253733692,0.17631682565912649,-3.7281243705824965E-4,0.0,0.22975527984294294,0.0,0.004020520748142154,0.0,0.48420829213798716,0.0,0.0,0.0,0.4316540695513322,1.3710045833416131,0.4724349975474025
2014,0.0,0.1296960548999788,0.4259572542155641,0.12124051446563885,0.4360793364472575,0.38791145342180205,0.0,2.240185041441238,0.17515729422326587,0.0,0.09301602578009037,0.37252181061881634,0.09606999353411393,0.26726229076147123,0.41851866678327415,0.0799423461183476,0.8025468340865372,0.12082038168632525,1.1664226680749106,0.21743534186857455,0.512363244449805,0.4495382701497501,0.3013098713875047,0.2562813727303625,0.2632897169246858,0.0,0.32640411410182524,0.4362291226937569,0.9264521483074536,0.0,0.19713207609757763,-5.51976798479423E-4,0.42248281555821915,0.7618217977385326,0.6587989259750614,0.0,0.09591139048300905,0.0,0.2881443892567279,0.08831110002440629,0.21476194463228643,0.3259977106104198,0.19356459381989677,7.44654777764071E-5,0.0,0.25213005143623235,0.0,0.0,0.0,0.5337670739511223,0.0,0.0,0.0,0.47612153804110224,0.8750307978194259,0.5192443502980284
2015,0.0,0.14620543710906647,0.4883837275855201,0.13727607070093445,0.5169457918826272,0.4341277343331113,0.0,2.49811690075153,0.19361511380347152,0.0,0.10655320835772754,0.42932383963935317,0.1101265860941619,0.17848633368426392,0.47019757383300925,0.09326143021190975,0.9151670061203957,0.13607493220053438,1.3070069700697469,0.24701068985041716,0.5914749317333471,0.5066997520470407,0.3372852796026178,0.29097089477885907,0.2942922483699504,0.0,0.37997465488847926,0.48999006618661867,1.0549226588711231,0.0,0.23114175281658375,-3.240897573525024E-4,0.4708797854997531,0.8844473220600656,0.7464415259369703,0.0,0.10796184444394118,0.0,0.3285684611292373,0.10114917871846862,0.25335045339636336,0.37843271652126503,0.22011908784286266,5.838532122072635E-4,0.0,0.3150598293704885,0.0,0.0,0.0,0.6250869119136144,0.0,0.0,0.0,0.5405872731631289,0.5423947171165243,0.576703205936956
2016,0.0,0.16074440643295654,0.5361573190358904,0.15016541136131342,0.5652691806237425,0.47236137867077493,0.0,2.713119310133882,0.20984244360489684,0.0,0.1174236663379743,0.4739144674145192,0.12049004504694068,0.09310684943041214,0.5131540981491265,0.10326322463834021,1.0036837441255515,0.14877837721377052,1.4232647284275182,0.27033882336442905,0.6501249266892964,0.5576464783173699,0.3670641966367273,0.31829890046089004,0.3216908732548953,0.0,0.41885739261750027,0.5376671634027459,1.156503954733269,0.0,0.25542090715566923,-5.3992392506256766E-5,0.5115346349887218,0.9758598281843801,0.8155423390992179,0.0,0.11874632039833236,0.0,0.3599070013018159,0.11135185546999597,0.2805068907420754,0.4169107053980444,0.24094640668412198,0.0011478659964951224,0.0,0.3480241308642631,0.0,0.0,0.0,0.6914815342117885,0.0,0.0,0.0,0.5910418855838441,0.2837645447622455,0.6263134502329871
2017,0.0,0.17379457848143823,0.5815713464418714,0.16228888215889364,0.610056239935032,0.5083692735932647,0.0,2.9153782893264255,0.22539189465189075,0.0,0.12763992542195388,0.5130093880904637,0.1310222301758607,0.045039353635656844,0.5535542892334167,0.11227299035681818,1.0846397398750618,0.16078149384455695,1.5314692048967322,0.29210322852462495,0.7035999526568691,0.600910248222861,0.39513112261763444,0.3437527213551638,0.3482813249639939,0.0,0.4541015229550417,0.5832565366938308,1.250301050624706,0.0,0.2773256678759464,2.9245742937027917E-4,0.5499412841627355,1.0588781508884337,0.8799743117984488,0.0,0.1282062013827445,0.0,0.38894628751843435,0.12089633288897816,0.30489355777505883,0.45466387124182084,0.26032991123977556,0.0018382302291948414,0.0,0.37777092624132813,0.0,0.0,0.0,0.7510878384970061,0.0,0.0,0.0,0.6378273301912191,0.1310631377770362,0.6731608637609785
2018,0.0,0.19092081668028318,0.6466894519140838,0.1792094702230302,0.6752249953653232,0.5557891567836241,0.0,3.1771404061496673,0.2438171580227312,0.0,0.1422024297391409,0.5721489660330886,0.14524008982422246,0.014056365582573664,0.6063232052386949,0.12668963111407933,1.2036083546264655,0.17641346529266147,1.6740507237658633,0.3233908694765444,0.7888103488678377,0.6608916000897319,0.43208394269989187,0.38037209856943494,0.37794325147481356,0.0,0.5205262943110194,0.6396107775580462,1.3853995914376795,0.0,0.3311825786884077,6.886931192982306E-4,0.5991090090129408,1.1907317460991473,0.9713065246634345,0.0,0.14192542921878754,0.0,0.4318806280550338,0.1344772377442291,0.34916714306157,0.5069999644006343,0.29892844544457575,0.002639512326337754,0.0,0.428273467141627,0.0,0.0,0.0,0.8515891265706506,0.0,0.0,0.0,0.705719763559629,0.04072391253607547,0.730205140939794
2019,0.0,0.19571976228145282,0.6532985468828967,0.15542784196531165,0.7161526374635606,0.5710576351982755,0.0,3.2707727653115457,0.2534227903884342,0.0,0.1445342391098852,0.577586649008751,0.1481790391193827,0.01140435967998033,0.6233303261190685,0.12691921295257483,1.2235702369469132,0.18151591654570057,1.72192200042884,0.32858242496612683,0.8114933550621422,0.6747933324838798,0.4439713488784445,0.38470811693022844,0.39138269481789706,0.0,0.5177644520449596,0.6502317604929262,1.4075234278349444,0.0,0.3662509695130077,6.75380416957617E-4,0.6175538507469227,1.193830239307671,0.9904271056364745,0.0,0.1455170183451242,0.0,0.4371251939551012,0.13676672646177987,0.3473419886164209,0.5128344963349849,0.30335628777026563,0.0028938066832673265,0.0,0.4240245499372655,2.583992560466779E-4,3.421116094872177E-4,0.0,0.8481499115920517,3.865986490480707E-4,0.0,0.0,0.7162277638370693,0.032703157203126526,0.7583570785236918
2020,,,,,,,,,,,,,,,,,,,,,,,,,,,,,,,,,,,,,,,,,,,,,,,,,,,,,,,,
